<?xml version="1.0" encoding="UTF-8"?>
<project-private xmlns="http://www.netbeans.org/ns/project-private/1">
    <editor-bookmarks xmlns="http://www.netbeans.org/ns/editor-bookmarks/1"/>
    <editor-bookmarks xmlns="http://www.netbeans.org/ns/editor-bookmarks/2" lastBookmarkId="0"/>
    <open-files xmlns="http://www.netbeans.org/ns/projectui-open-files/1">
        <file>file:/C:/Users/Rafael/Documents/UNIFEI/CCT%20220%20-%20Orientada%20a%20Objeto/poo/poo%20(3)/Academico%20-%20Cópia/src/aplicacao.java</file>
        <file>file:/C:/Users/Rafael/Documents/UNIFEI/CCT%20220%20-%20Orientada%20a%20Objeto/poo/poo%20(3)/Academico%20-%20Cópia/src/ctrEstudante.java</file>
        <file>file:/C:/Users/Rafael/Documents/UNIFEI/CCT%20220%20-%20Orientada%20a%20Objeto/poo/poo%20(3)/Academico%20-%20Cópia/src/limTurma.java</file>
        <file>file:/C:/Users/Rafael/Documents/UNIFEI/CCT%20220%20-%20Orientada%20a%20Objeto/poo/poo%20(3)/Academico%20-%20Cópia/src/ctrDisciplina.java</file>
    </open-files>
</project-private>
