<?xml version="1.0" encoding="UTF-8"?>
<project-private xmlns="http://www.netbeans.org/ns/project-private/1">
    <editor-bookmarks xmlns="http://www.netbeans.org/ns/editor-bookmarks/2" lastBookmarkId="0"/>
    <open-files xmlns="http://www.netbeans.org/ns/projectui-open-files/2">
        <group>
            <file>file:/D:/Users/Samantha/Desktop/Clinica/src/trabfinal/Paciente.java</file>
            <file>file:/D:/Users/Samantha/Desktop/Clinica/src/trabfinal/ObitoPaciente.java</file>
            <file>file:/D:/Users/Samantha/Desktop/Clinica/src/trabfinal/ControlePaciente.java</file>
            <file>file:/D:/Users/Samantha/Desktop/Clinica/src/trabfinal/LimiteHistorico.java</file>
            <file>file:/D:/Users/Samantha/Desktop/Clinica/src/trabfinal/LimitePaciente.java</file>
            <file>file:/D:/Users/Samantha/Desktop/Clinica/src/trabfinal/LimiteImpressaoAg.java</file>
            <file>file:/D:/Users/Samantha/Desktop/Clinica/src/trabfinal/LimiteObito.java</file>
            <file>file:/D:/Users/Samantha/Desktop/Clinica/src/trabfinal/IniciaApl.java</file>
        </group>
    </open-files>
</project-private>
