<?xml version="1.0" encoding="UTF-8"?>
<project-private xmlns="http://www.netbeans.org/ns/project-private/1">
    <editor-bookmarks xmlns="http://www.netbeans.org/ns/editor-bookmarks/2" lastBookmarkId="0"/>
    <open-files xmlns="http://www.netbeans.org/ns/projectui-open-files/2">
        <group>
            <file>file:/D:/Users/Samantha/Desktop/Sistema%20de%20Informacao/3º%20PERIODO/COM220-%20Computação%20Orientada%20a%20objeto%20I/Material%20antigo/Arquivos/Codigos%20Hipolito/Exercicio1/src/motocicleta.java</file>
            <file>file:/D:/Users/Samantha/Desktop/Sistema%20de%20Informacao/3º%20PERIODO/COM220-%20Computação%20Orientada%20a%20objeto%20I/Material%20antigo/Arquivos/Codigos%20Hipolito/Exercicio1/src/carro.java</file>
            <file>file:/D:/Users/Samantha/Desktop/Sistema%20de%20Informacao/3º%20PERIODO/COM220-%20Computação%20Orientada%20a%20objeto%20I/Material%20antigo/Arquivos/Codigos%20Hipolito/Exercicio1/src/testaVeiculo.java</file>
            <file>file:/D:/Users/Samantha/Desktop/Sistema%20de%20Informacao/3º%20PERIODO/COM220-%20Computação%20Orientada%20a%20objeto%20I/Material%20antigo/Arquivos/Codigos%20Hipolito/Exercicio1/src/veiculo.java</file>
        </group>
    </open-files>
</project-private>
